{"pos_vectors": [[-2.724930674534483, 0.0, 7.186164796471093], [-0.15917532140699286, 0.0, 4.746527233835792], [-2.3337283933812873, 0.0, 3.7843535140654154], [-3.676888702037112, 0.0, 4.984255509670799], [-3.1717557791744984, 0.0, 0.9787485404414582], [-1.3392010674619423, 0.0, 0.10767508590307528], [-1.220090824361753, 0.0, 2.9756477466058904], [-3.0622863663241593, 0.0, 5.590003835168176], [-3.1025182151050554, 0.0, 6.941879035665156], [-0.7946143698970785, 0.0, 5.344999336139249], [-0.7386580106181824, 0.0, 7.824309698900787], [-3.673519816018308, 0.0, 10.253117422001193], [-3.7533585623119694, 0.0, 10.042864651181613]], "degree": 3, "knots": [0.0, 0.0, 0.0, 1.0, 2.0, 3.0, 4.0, 5.0, 6.0, 7.0, 8.0, 9.0, 10.0, 10.0, 10.0], "form": 0}