{"pos_vectors": [[-0.5307976361466813, 0.5307976361466814, 1.1896042300408856], [-0.5307976361466814, 0.5307976361466814, -0.5307976361466814], [0.5307976361466814, 0.5307976361466814, -0.5307976361466814], [0.5307976361466815, 0.5307976361466814, 1.1896042300408856], [-0.5307976361466813, 0.5307976361466814, 1.1896042300408856], [-0.8223010544116738, -0.9703813791275029, 2.6322005785072804], [-0.8223010544116738, -0.9703813791275023, -0.7103321857468111], [-0.5307976361466814, 0.5307976361466814, -0.5307976361466814], [-0.5307976361466813, 0.5307976361466814, 1.1896042300408856], [-0.8223010544116738, -0.9703813791275029, 2.6322005785072804], [0.7912303829952612, -0.9703813791275029, 2.6322005785072804], [0.5307976361466815, 0.5307976361466814, 1.1896042300408856], [0.5307976361466814, 0.5307976361466814, -0.5307976361466814], [0.7912303829952612, -0.9703813791275023, -0.7103321857468111], [0.7912303829952612, -0.9703813791275029, 2.6322005785072804], [0.7912303829952612, -0.9703813791275023, -0.7103321857468111], [-0.8223010544116738, -0.9703813791275023, -0.7103321857468111]], "degree": 1, "knots": [0.0, 1.0, 2.0, 3.0, 4.0, 5.0, 6.0, 7.0, 8.0, 9.0, 10.0, 11.0, 12.0, 13.0, 14.0, 15.0, 16.0], "form": 0}