{"pos_vectors": [[-2.5167507163157747, -5.192088043345644, -0.013858000751093336], [1.5102492836842252, -5.192088043345644, 0.00714199924890746], [1.6442492836842253, -4.2960880433456445, 0.00714199924890746], [4.19325005308383, -0.14973171821280307, 0.02113337952453609], [3.7221168135943827, 0.6526123363851157, 0.017850952445585655], [1.8484044715921315, -1.0358155649168053, 0.008122642021938908], [1.7584518541317622, -0.18283814765009065, 0.015839964305976117], [2.613628289340129, 4.240765056279913, 0.0127095395221124], [1.6408873426439752, 4.620515276295916, 0.007721064121372301], [0.3787307328227348, 0.49000134473723644, 0.0016347242392358297], [0.16186377360891074, 5.192088043345644, 0.0008199344590087421], [-0.9840240717077433, 5.192088043345644, -0.005974325982962547], [-1.0293024373450377, 0.47150069299286823, -0.005052199368567933], [-1.8990785586482253, 4.484194684495301, -0.009387767247969414], [-2.8897400133536, 4.081075220170615, -0.015168232084717737], [-2.46772255587597, 0.00898439938363449, -0.01308206158515457], [-3.3507734431731624, 2.300144060146855, -0.017029907172061876], [-4.19325005308383, 1.8833925366421083, -0.02113337952453609], [-3.366385666733582, -0.8761257288075148, -0.016745487849438412], [-2.492713782820009, -4.013446777247428, -0.012237748353546074], [-2.5176466635281805, -5.191646177809898, -0.013339646699187746]], "degree": 1, "knots": [0.0, 1.0, 2.0, 3.0, 4.0, 5.0, 6.0, 7.0, 8.0, 9.0, 10.0, 11.0, 12.0, 13.0, 14.0, 15.0, 16.0, 17.0, 18.0, 19.0, 20.0], "form": 0}