{"pos_vectors": [[-1.9999999999999991, 8.0, 2.0], [2.000000000000001, 8.0, 2.0], [2.000000000000001, 8.0, -2.0], [-1.9999999999999991, 8.0, -2.0], [-1.9999999999999991, 8.0, 2.0], [0.0, 0.0, 0.0], [2.000000000000001, 8.0, 2.0], [2.000000000000001, 8.0, -2.0], [0.0, 0.0, 0.0], [-1.9999999999999991, 8.0, -2.0], [-1.9999999999999991, 8.0, 2.0], [0.0, 0.0, 0.0], [2.000000000000001, 8.0, 2.0]], "degree": 1, "knots": [0.0, 4.0, 8.0, 12.0, 16.0, 24.485, 32.97, 36.97, 45.455, 53.941, 57.941, 66.426, 74.911], "form": 0}